camion,viaje,origen,paradas,carga_kg,t_aprox_min,t_recol_min,t_espera_desalojo_min,t_desc_min,t_total_min,d_aprox_km,d_recol_km,d_desc_km,d_total_km,kg_por_km,kg_por_h,util_carga_pct
1,1,Estación,61,5589.07,4.778207296040809,94.73214331382096,270.3827904497601,20.10685894037813,390.0,3.9818394133673416,7.027529857046036,16.755715783648444,27.76508505406182,201.29850094524963,859.8569230769231,50.80972727272727
1,2,Relleno,15,7054.160000000001,19.49224277326406,21.272581806142753,0.0,19.20447943867779,59.96930401808461,16.243535644386714,1.3067878762797402,16.003732865564828,33.55405638623129,210.23270387346176,7057.770753390151,64.12872727272729
2,1,Estación,61,7895.5,4.77514540715416,92.39220535204325,274.89717695852266,17.935472282279918,390.0,3.9792878392951336,6.540042781675661,14.946226901899932,25.46555752287073,310.0462258840796,1214.6923076923076,71.77727272727273
2,2,Relleno,11,6325.61,19.588236083302945,16.759723234995256,0.0,19.56784442840699,55.91580374670519,16.32353006941912,1.1999423406240117,16.306537023672494,33.830009433715624,186.9822121212824,6787.644539981489,57.505545454545455
3,1,Estación,49,7353.789999999999,4.191019946888016,76.30169791465377,290.05691735851184,19.450364779946373,390.0,3.4925166224066797,5.687853732219535,16.208637316621978,25.389007671248194,289.6446405161319,1131.3523076923075,66.85263636363635
3,2,Relleno,7,4925.6,19.223814907182273,10.070176399827547,0.0,19.06272268731717,48.356713994326995,16.01984575598523,0.6396200832974055,15.885602239430975,32.545068078713605,151.34704859387384,6111.581527948137,44.77818181818182
4,1,Estación,41,8216.02,6.0298882054827025,66.62203782364347,296.47102015812885,20.87705381274497,390.0,5.024906837902252,5.337924546592392,17.39754484395414,27.76037622844878,295.96212718400545,1264.003076923077,74.6910909090909
5,1,Estación,42,1880.58,3.360953003978486,63.81050793282611,303.0153777684128,19.81316129478262,390.0,2.8007941699820718,4.54385581933876,16.510967745652184,23.855617734973016,78.83174608566166,289.32,17.09618181818182
6,1,Estación,20,8349.67,5.896355545783185,35.48677187730657,328.80190139137744,19.814971185532748,390.0,4.913629621485987,3.2264108077722056,16.512475987943958,24.652516417202154,338.6944301626639,1284.5646153846153,75.9060909090909
